<?xml version="1.0" encoding="windows-1252" ?>
<!DOCTYPE Entity SYSTEM "jbo_03_01.dtd">
<!---->
<Entity
  xmlns="http://xmlns.oracle.com/bc4j"
  Name="TestLineEO"
  Version="12.2.1.22.48"
  InheritPersonalization="merge"
  AliasName="TestLineEO"
  BindingStyle="OracleName"
  RowClass="RESTmodel.entity.TestLineEOImpl">
  <DesignTime>
    <Attr Name="_isProgrammatic" Value="true"/>
    <Attr Name="_codeGenFlag2" Value="Access|DML"/>
    <Attr Name="_isCodegen" Value="true"/>
  </DesignTime>
  <Attribute
    Name="line1"
    Precision="80"
    ColumnName="LINE1"
    SQLType="VARCHAR"
    Type="java.lang.String"
    ColumnType="VARCHAR2"
    PrimaryKey="true"/>
  <Attribute
    Name="line2"
    Precision="80"
    ColumnName="LINE2"
    SQLType="VARCHAR"
    Type="java.lang.String"
    ColumnType="VARCHAR2"/>
  <Attribute
    Name="line3"
    Precision="80"
    ColumnName="LINE3"
    SQLType="VARCHAR"
    Type="java.lang.String"
    ColumnType="VARCHAR2"/>
  <Attribute
    Name="line4"
    Precision="80"
    ColumnName="LINE4"
    SQLType="VARCHAR"
    Type="java.lang.String"
    ColumnType="VARCHAR2"/>
  <Attribute
    Name="hdr1"
    Precision="80"
    ColumnName="HDR1"
    SQLType="VARCHAR"
    Type="java.lang.String"
    ColumnType="VARCHAR2"/>
  <AccessorAttribute
    Name="TestHdrEO"
    Association="RESTmodel.entity.assoc.TestHdrLineAssoc"
    AssociationEnd="RESTmodel.entity.assoc.TestHdrLineAssoc.TestHdrEO"
    AssociationOtherEnd="RESTmodel.entity.assoc.TestHdrLineAssoc.TestLineEO"
    Type="RESTmodel.entity.TestHdrEOImpl"
    IsUpdateable="true"/>
  <Key
    Name="TestlineeoPrimaryKey"
    PrimaryKey="true">
    <DesignTime>
      <Attr Name="_DBObjectName" Value="TESTLINEEO_PRIMARY_KEY"/>
    </DesignTime>
    <AttrArray Name="Attributes">
      <Item Value="RESTmodel.entity.TestLineEO.line1"/>
    </AttrArray>
  </Key>
  <Key
    Name="fk_TestLineEO">
    <DesignTime>
      <Attr Name="_referencedKey" Value="TESTHDREO_PRIMARY_KEY"/>
      <Attr Name="_isForeign" Value="true"/>
      <Attr Name="_DBObjectName" Value="FK_TEST_LINE_EO"/>
    </DesignTime>
    <AttrArray Name="Attributes">
      <Item Value="RESTmodel.entity.TestLineEO.hdr1"/>
    </AttrArray>
  </Key>
  <Key
    Name="fk_TestLineEO1">
    <DesignTime>
      <Attr Name="_referencedKey" Value="TESTHDREO_PRIMARY_KEY"/>
      <Attr Name="_isForeign" Value="true"/>
      <Attr Name="_DBObjectName" Value="FK_TEST_LINE_EO1"/>
    </DesignTime>
    <AttrArray Name="Attributes">
      <Item Value="RESTmodel.entity.TestLineEO.hdr1"/>
    </AttrArray>
  </Key>
  <Key
    Name="fk_TestLineEO2">
    <DesignTime>
      <Attr Name="_referencedKey" Value="TESTHDREO_PRIMARY_KEY"/>
      <Attr Name="_isForeign" Value="true"/>
      <Attr Name="_DBObjectName" Value="FK_TEST_LINE_EO2"/>
    </DesignTime>
    <AttrArray Name="Attributes">
      <Item Value="RESTmodel.entity.TestLineEO.hdr1"/>
    </AttrArray>
  </Key>
  <Key
    Name="fk_TestLineEO3">
    <DesignTime>
      <Attr Name="_referencedKey" Value="TESTHDREO_PRIMARY_KEY"/>
      <Attr Name="_isForeign" Value="true"/>
      <Attr Name="_DBObjectName" Value="FK_TEST_LINE_EO3"/>
    </DesignTime>
    <AttrArray Name="Attributes">
      <Item Value="RESTmodel.entity.TestLineEO.hdr1"/>
    </AttrArray>
  </Key>
</Entity>
