<?xml version="1.0" encoding="windows-1252" ?>
<!DOCTYPE Entity SYSTEM "jbo_03_01.dtd">
<!---->
<Entity
  xmlns="http://xmlns.oracle.com/bc4j"
  Name="TestOutEO"
  Version="12.2.1.22.48"
  InheritPersonalization="merge"
  AliasName="TestOutEO"
  BindingStyle="OracleName"
  RowClass="RESTmodel.entity.TestOutEOImpl">
  <DesignTime>
    <Attr Name="_isProgrammatic" Value="true"/>
    <Attr Name="_isCodegen" Value="true"/>
    <Attr Name="_codeGenFlag2" Value="Access|DML"/>
  </DesignTime>
  <Attribute
    Name="out1"
    IsUpdateable="while_insert"
    IsNotNull="true"
    Precision="80"
    ColumnName="OUT1"
    SQLType="VARCHAR"
    Type="java.lang.String"
    ColumnType="VARCHAR2"
    PrimaryKey="true"/>
  <Attribute
    Name="hdr1"
    Precision="80"
    ColumnName="HDR1"
    SQLType="VARCHAR"
    Type="java.lang.String"
    ColumnType="VARCHAR2"/>
  <Attribute
    Name="out2"
    Precision="80"
    ColumnName="OUT2"
    SQLType="VARCHAR"
    Type="java.lang.String"
    ColumnType="VARCHAR2"/>
  <Attribute
    Name="out3"
    Precision="80"
    ColumnName="OUT3"
    SQLType="VARCHAR"
    Type="java.lang.String"
    ColumnType="VARCHAR2"/>
  <Attribute
    Name="out4"
    Precision="80"
    ColumnName="OUT4"
    SQLType="VARCHAR"
    Type="java.lang.String"
    ColumnType="VARCHAR2"/>
  <AccessorAttribute
    Name="TestHdrEO"
    Association="RESTmodel.entity.assoc.TestHdrOutAssoc"
    AssociationEnd="RESTmodel.entity.assoc.TestHdrOutAssoc.TestHdrEO"
    AssociationOtherEnd="RESTmodel.entity.assoc.TestHdrOutAssoc.TestOutEO"
    Type="RESTmodel.entity.TestHdrEOImpl"
    IsUpdateable="true"/>
  <Key
    Name="NoNameOut1Check">
    <DesignTime>
      <Attr Name="_isNotNull" Value="true"/>
      <Attr Name="_checkCondition" Value='"OUT1" IS NOT NULL'/>
      <Attr Name="_isCheck" Value="true"/>
      <Attr Name="_DBObjectName" Value="NO_NAME_OUT1CHECK"/>
    </DesignTime>
    <AttrArray Name="Attributes">
      <Item Value="RESTmodel.entity.TestOutEO.out1"/>
    </AttrArray>
  </Key>
  <Key
    Name="TestouteoPrimaryKey"
    PrimaryKey="true">
    <DesignTime>
      <Attr Name="_DBObjectName" Value="TESTOUTEO_PRIMARY_KEY"/>
    </DesignTime>
    <AttrArray Name="Attributes">
      <Item Value="RESTmodel.entity.TestOutEO.out1"/>
    </AttrArray>
  </Key>
  <Key
    Name="fk_TestOutEO">
    <DesignTime>
      <Attr Name="_referencedKey" Value="TESTHDREO_PRIMARY_KEY"/>
      <Attr Name="_isForeign" Value="true"/>
      <Attr Name="_DBObjectName" Value="FK_TEST_OUT_EO"/>
    </DesignTime>
    <AttrArray Name="Attributes">
      <Item Value="RESTmodel.entity.TestOutEO.hdr1"/>
    </AttrArray>
  </Key>
</Entity>
