<?xml version="1.0" encoding="windows-1252" ?>
<!DOCTYPE Entity SYSTEM "jbo_03_01.dtd">
<!---->
<Entity
  xmlns="http://xmlns.oracle.com/bc4j"
  Name="TestHdrEO"
  Version="12.2.1.22.48"
  InheritPersonalization="merge"
  AliasName="TestHdrEO"
  BindingStyle="OracleName"
  RowClass="RESTmodel.entity.TestHdrEOImpl">
  <DesignTime>
    <Attr Name="_isProgrammatic" Value="true"/>
    <Attr Name="_codeGenFlag2" Value="Access|DML"/>
    <Attr Name="_isCodegen" Value="true"/>
  </DesignTime>
  <Attribute
    Name="hdr1"
    Precision="80"
    ColumnName="HDR1"
    SQLType="VARCHAR"
    Type="java.lang.String"
    ColumnType="VARCHAR2"
    PrimaryKey="true"/>
  <Attribute
    Name="hdr2"
    Precision="80"
    ColumnName="HDR2"
    SQLType="VARCHAR"
    Type="java.lang.String"
    ColumnType="VARCHAR2"/>
  <Attribute
    Name="hdr3"
    Precision="80"
    ColumnName="HDR3"
    SQLType="VARCHAR"
    Type="java.lang.String"
    ColumnType="VARCHAR2"/>
  <Attribute
    Name="hdr4"
    Precision="80"
    ColumnName="HDR4"
    SQLType="VARCHAR"
    Type="java.lang.String"
    ColumnType="VARCHAR2"/>
  <AccessorAttribute
    Name="TestLineEO"
    Association="RESTmodel.entity.assoc.TestHdrLineAssoc"
    AssociationEnd="RESTmodel.entity.assoc.TestHdrLineAssoc.TestLineEO"
    AssociationOtherEnd="RESTmodel.entity.assoc.TestHdrLineAssoc.TestHdrEO"
    Type="oracle.jbo.RowIterator"
    IsUpdateable="false"/>
  <AccessorAttribute
    Name="TestOutEO"
    Association="RESTmodel.entity.assoc.TestHdrOutAssoc"
    AssociationEnd="RESTmodel.entity.assoc.TestHdrOutAssoc.TestOutEO"
    AssociationOtherEnd="RESTmodel.entity.assoc.TestHdrOutAssoc.TestHdrEO"
    Type="oracle.jbo.RowIterator"
    IsUpdateable="false"/>
  <Key
    Name="TesthdreoPrimaryKey"
    PrimaryKey="true">
    <DesignTime>
      <Attr Name="_DBObjectName" Value="TESTHDREO_PRIMARY_KEY"/>
    </DesignTime>
    <AttrArray Name="Attributes">
      <Item Value="RESTmodel.entity.TestHdrEO.hdr1"/>
    </AttrArray>
  </Key>
</Entity>
