<?xml version="1.0" encoding="UTF-8" ?>
<pageDefinition xmlns="http://xmlns.oracle.com/adfm/uimodel" version="12.2.1.22.48" id="TestAM_TestHdrVOResources"
                Package="RESTmodel.am.rest.v1" usageMode="RESTClient">
  <parameters/>
  <executables>
    <variableIterator id="variables"/>
    <iterator Binds="TestHdrVO1" RangeSize="25" DataControl="TestAMDataControl" id="TestHdrVO1Iter"/>
    <iterator Binds="TestHdrVO2" RangeSize="25" DataControl="TestAMDataControl" id="TestHdrVO2Iter"/>
  </executables>
  <bindings>
    <tree IterBinding="TestHdrVO1Iter" id="TestHdr" AccessorFolder="Always">
      <ServiceConfiguration EnableRowContextLOV="false"/>
      <nodeDefinition DefName="RESTmodel.view.TestHdrVO" Name="RESTmodel.view.TestHdrVO">
        <Accessors>
          <Item Value="TestLineVO"/>
          <Item Value="TestOutVO"/>
        </Accessors>
      </nodeDefinition>
      <nodeDefinition DefName="RESTmodel.view.TestLineVO" Name="RESTmodel.view.TestLineVO"/>
      <nodeDefinition DefName="RESTmodel.view.TestOutVO" Name="RESTmodel.view.TestOutVO"/>
    </tree>
  </bindings>
</pageDefinition>
