<?xml version="1.0" encoding="windows-1252" ?>
<!DOCTYPE Association SYSTEM "jbo_03_01.dtd">
<!---->
<Association
  xmlns="http://xmlns.oracle.com/bc4j"
  Name="TestHdrLineAssoc"
  Version="12.2.1.22.48"
  InheritPersonalization="merge">
  <DesignTime>
    <Attr Name="_isCodegen" Value="true"/>
  </DesignTime>
  <AssociationEnd
    Name="TestHdrEO"
    Cardinality="1"
    Source="true"
    Owner="RESTmodel.entity.TestHdrEO"
    LockLevel="NONE">
    <DesignTime>
      <Attr Name="_isUpdateable" Value="true"/>
      <Attr Name="_aggregation" Value="0"/>
      <Attr Name="_finderName" Value="TestHdrEO"/>
      <Attr Name="_foreignKey" Value="RESTmodel.entity.TestHdrEO.TesthdreoPrimaryKey"/>
    </DesignTime>
    <AttrArray Name="Attributes">
      <Item Value="RESTmodel.entity.TestHdrEO.hdr1"/>
    </AttrArray>
  </AssociationEnd>
  <AssociationEnd
    Name="TestLineEO"
    Cardinality="-1"
    Owner="RESTmodel.entity.TestLineEO"
    ViewObject="RESTmodel.view.TestLineVO">
    <DesignTime>
      <Attr Name="_isUpdateable" Value="true"/>
      <Attr Name="_aggregation" Value="0"/>
      <Attr Name="_finderName" Value="TestLineEO"/>
      <Attr Name="_foreignKey" Value="RESTmodel.entity.TestLineEO.fk_TestLineEO3"/>
    </DesignTime>
    <AttrArray Name="Attributes">
      <Item Value="RESTmodel.entity.TestLineEO.hdr1"/>
    </AttrArray>
  </AssociationEnd>
</Association>
