<References xmlns="http://xmlns.oracle.com/adf/jndi">
  <Reference name="Cognizant ATP" className="oracle.jdeveloper.db.adapter.DatabaseProvider"
             credentialStoreKey="Cognizant ATP" xmlns="">
    <Factory className="oracle.jdevimpl.db.adapter.DatabaseProviderFactory1212"/>
    <RefAddresses>
      <StringRefAddr addrType="customUrl">
        <Contents>jdbc:oracle:thin:@atpdb02_high</Contents>
      </StringRefAddr>
      <SecureRefAddr addrType="password"/>
      <StringRefAddr addrType="subtype">
        <Contents>oraJDBC</Contents>
      </StringRefAddr>
      <StringRefAddr addrType="user">
        <Contents>admin</Contents>
      </StringRefAddr>
      <StringRefAddr addrType="parameters">
        <Contents>oracle.net.tns_admin=C:\Gaurav\Cognizant\Projects\Telenet\ATP_DB\Cognizant\Wallet_ATPDB02\network\admin;javax.net.ssl.keyStore=C:\Gaurav\Cognizant\Projects\Telenet\ATP_DB\Cognizant\Wallet_ATPDB02\keystore.jks;javax.net.ssl.trustStore=C:\Gaurav\Cognizant\Projects\Telenet\ATP_DB\Cognizant\Wallet_ATPDB02\truststore.jks;oracle.net.ssl_server_dn_match=true</Contents>
      </StringRefAddr>
    </RefAddresses>
  </Reference>
</References>